Workbook

Sheet Dashboard
A1: Halo Strategic — LinkedIn Free Website Review Campaign
A2: Qualified-lead tracker. Source: docs/LINKEDIN_LEAD_GEN_CAMPAIGN.md. Fill in yellow cells only; everything else is a formula.
A4: Funnel totals
A5: Metric | B5: Value | C5: Notes
A6: Total spend (£) | B6: ='Campaign Summary'!B7 -> 0 | C6: Sum of both creatives, from Campaign Summary
A7: Total leads | B7: ='Campaign Summary'!G7 -> 0 | C7: Form submissions, from Campaign Summary
A8: Platform CPL (£) | B8: =IFERROR(B6/B7,0) -> 0 | C8: Total spend / total leads
A9: Qualified leads | B9: =COUNTIF(Leads!G:G,"Y") -> 1 | C9: Count of Leads sheet rows marked Qualified = Y
A10: Qualified CPL (£) | B10: =IFERROR(B6/B9,0) -> 0 | C10: Total spend / qualified leads — the metric that actually matters, see §5 of the campaign doc
A11: Contacted | B11: =COUNTIF(Leads!H:H,"Y") -> 1 | C11: Leads sheet, Contacted = Y
A12: Conversations | B12: =COUNTIF(Leads!I:I,"Y") -> 1 | C12: Leads sheet, Conversation held = Y
A13: Opportunities | B13: =COUNTIF(Leads!J:J,"Y") -> 0 | C13: Leads sheet, Opportunity = Y
A14: Projects won | B14: =COUNTIF(Leads!K:K,"Y") -> 0 | C14: Leads sheet, Won = Y
A15: Revenue ($) | B15: =SUM(Leads!L:L) -> 0 | C15: Sum of Leads sheet Revenue column. Diagnostic priced in USD, kept as-is per Fabien, 2026-09-05
A16: Cost per qualified opportunity (£) | B16: =IFERROR(B6/B12,0) -> 0 | C16: Total spend / opportunities — use this instead of raw CPL to judge an expensive-but-good creative, per §6/§9 of the campaign doc
A18: Qualified CPL interpretation (from the campaign brief, §5/§6 of the campaign doc)
A19: Qualified CPL | B19: Interpretation
A20: £10 | B20: Exceptional
A21: £15 | B21: Excellent
A22: £20 | B22: Strong
A23: £25 | B23: Good / acceptable
A24: £30 | B24: Needs attention
A25: £40 | B25: Break-even
A26: £50+ | B26: Rework required
A28: Live read: is Qualified CPL (B10 above) at or below break-even? | B28: =IF(B10=0,"No qualified leads yet",IF(B10<=10,"Exceptional",IF(B10<=15,"Excellent",IF(B10<=20,"Strong",IF(B10<=25,"Good / acceptable",IF(B10<=30,"Needs attention",IF(B10<=40,"Break-even","Rework required"))))))) -> No qualified leads yet

Sheet Campaign Summary
A1: Campaign Summary — enter from LinkedIn Campaign Manager
A2: Yellow cells = enter by hand from Campaign Manager. Everything else is a formula. One row per creative; Total row sums both.
A4: Concept | B4: Spend (£) | C4: Impressions | D4: Clicks | E4: CTR | F4: Form opens | G4: Leads | H4: Platform CPL (£) | I4: Qualified leads | J4: Qualified CPL (£)
A5: A — Is Your Website Losing You Enquiries? | B5: 0 | C5: 0 | D5: 0 | E5: =IFERROR(D5/C5,0) -> 0 | F5: 0 | G5: 0 | H5: =IFERROR(B5/G5,0) -> 0 | I5: =COUNTIFS(Leads!$E:$E,"A",Leads!$G:$G,"Y") -> 1 | J5: =IFERROR(B5/I5,0) -> 0
A6: D — Before You Redesign Your Website | B6: 0 | C6: 0 | D6: 0 | E6: =IFERROR(D6/C6,0) -> 0 | F6: 0 | G6: 0 | H6: =IFERROR(B6/G6,0) -> 0 | I6: =COUNTIFS(Leads!$E:$E,"D",Leads!$G:$G,"Y") -> 0 | J6: =IFERROR(B6/I6,0) -> 0
A7: Total | B7: =SUM(B5:B6) -> 0 | C7: =SUM(C5:C6) -> 0 | D7: =SUM(D5:D6) -> 0 | E7: =IFERROR(D7/C7,0) -> 0 | F7: =SUM(F5:F6) -> 0 | G7: =SUM(G5:G6) -> 0 | H7: =IFERROR(B7/G7,0) -> 0 | I7: =SUM(I5:I6) -> 1 | J7: =IFERROR(B7/I7,0) -> 0
A9: Test budget reference: £200 total, £10/day for ~20 days, split roughly £100 per creative. See docs/LINKEDIN_LEAD_GEN_CAMPAIGN.md §6.

Sheet Leads
A1: Leads — one row per lead
A2: Yellow columns = enter by hand as leads come in. See the 'Qualified Lead Criteria' tab before marking a lead Qualified. Concept must be entered as A or D exactly, to match Campaign Summary's formulas.
A4: Date | B4: Lead name | C4: Company | D4: Website | E4: Concept (A/D) | F4: Qualifying answer | G4: Qualified? (Y/N) | H4: Contacted? (Y/N) | I4: Conversation held? (Y/N) | J4: Opportunity? (Y/N) | K4: Won? (Y/N) | L4: Revenue ($) | M4: Notes
A5: 2026-09-08 | B5: Jane Smith | C5: Smith Joinery Ltd | D5: smithjoinery.co.uk | E5: A | F5: Generate more enquiries | G5: Y | H5: Y | I5: Y | J5: N | K5: N | L5: 0 | M5: Example row — delete before real data. Real business, valid email, in target market, applied criteria on the reference tab.

Sheet Qualified Lead Criteria
A1: What counts as a Qualified Lead
A2: Source: original campaign brief §20, docs/LINKEDIN_LEAD_GEN_CAMPAIGN.md. Check every box before marking a lead Qualified = Y on the Leads tab.
A4: Criterion
A5: A genuine person
A6: Valid contact information
A7: A real business
A8: A relevant website / business presence
A9: A legitimate potential need for website development or improvement
A10: Within Halo's actual service market (UK, 2-50 employees, owner/director)
A11: Not spam
A12: Not a duplicate
A13: Not obviously irrelevant
A15: Do not count fake, junk, duplicate or clearly irrelevant submissions as qualified leads, even if they came in cheaply.
